model_name,total_parameters,gflops_per_prediction,input_workload,selected_epoch,training_precision,physical_batch_size,effective_batch_size,checkpoint_sha256,validation_wt_dice,validation_tc_dice,validation_et_dice,validation_overall_dice,validation_wt_hd95_mm,validation_tc_hd95_mm,validation_et_hd95_mm,heldout_wt_dice,heldout_tc_dice,heldout_et_dice,heldout_overall_dice,heldout_wt_hd95_mm,heldout_tc_hd95_mm,heldout_et_hd95_mm
MK-UNet,316110,0.326536576,b1_c4_h256_w256_2d_slice,37,CUDA AMP; dtype UNKNOWN,16,16,28029CA9D2D16662C112C244B29D7018F6EB2DCFD820337BD0D7449D0FD0A46E,0.8926069036252187,0.8076396825018316,0.7914376406077683,0.8305614089116062,9.60184220337705,8.342562954883936,13.52916895402031,0.886841125872848,0.8329456789388321,0.7599195310191174,0.8265687786102657,11.018028695178229,7.541071617278004,17.502729389914304
MSMamba,59890624,43.6584934,b1_c4_h256_w256_2d_slice,23,FP32 parameters; CUDA BF16 autocast; no GradScaler,16,16,5c2cd2f0173ac5dc5f4e3609651ecfb4f6edd5a29501446937be3d8f3a069ea6,0.8873767803264441,0.8023557833299854,0.8101728545429665,0.8333018060664653,6.165644703723715,7.183641044643341,3.0398117245896303,0.8841946166373807,0.8227175533264556,0.7623194762183996,0.8230772153940786,7.630990394124118,5.180547561336141,14.803663621352024
standard 2D U-Net,31032516,48.217718784,b1_c4_h256_w256_2d_slice,19,FP32 parameters; CUDA BF16 autocast; no GradScaler,16,16,5e1cab138642745eb4a87e1b34518640866854fad1e29f715c6111c3055e5bcc,0.8799703681739703,0.7904333959608107,0.8048955359038547,0.8250997666795453,12.715383928190638,11.24710883195694,5.534195742732469,0.8786442373786914,0.8104448045874824,0.7488987732578043,0.8126626050746593,11.811436623762477,7.836022065412166,17.191182219556538
Mobile U-ViT,1390500,3.305439,b1_c4_h256_w256_2d_slice,45,FP32 parameters; CUDA BF16 autocast; no GradScaler,16,16,ec8e23fc11524c402e1a28215dba7a50e484c87b32adb532e63e12619de13ca1,0.8886346794444622,0.8014846021399734,0.7944739389845618,0.8281977401896657,10.217269900157818,7.513749190912082,4.589469980692981,0.8860519438084327,0.8121143077449134,0.7368768376645102,0.8116810297392855,11.396994694363196,6.635838276233696,16.947008397638204
U-KAN,6356884,2.68064768,b1_c4_h256_w256_2d_slice,52,FP32 parameters; CUDA BF16 autocast; no GradScaler,16,16,4d4f53922ddcc7968ec99b6618d8170ecf8355f9040b60607eafc323161f2b88,0.8930404253501625,0.8129545394542615,0.8016959647497061,0.8358969765180433,9.885064155499778,15.096051569009248,3.597812572902192,0.8811159031958834,0.8201775311476154,0.7494767377894522,0.8169233907109836,9.660414332422889,5.540557274083713,16.098560979864676
Attention U-Net,34843847,51.324604416,b1_c4_h256_w256_2d_slice,21,FP32 parameters; CUDA BF16 autocast; no GradScaler,16,16,53a31b93c805ac9b068a46f9d2d68045759be16f593a6a0f1aef8c4ef16dc4dc,0.8847427265891917,0.7935814899202014,0.7724942753055185,0.8169394972716372,11.278504512191352,15.07627852728737,13.52232159016524,0.8771735381713416,0.8083490259520703,0.7529061153946524,0.8128095598393547,13.590810430882202,6.732201105261994,16.030246515060256
DeepLabV3+,26694900,9.507373568,b1_c4_h256_w256_2d_slice,10,FP32 parameters; CUDA BF16 autocast; no GradScaler,16,16,486aac7caa6532468fe89d2a1aca643db653216d57ef57352ced50e71cb3af0a,0.8833344711680919,0.7983060998387552,0.7878165468945147,0.8231523726337873,11.420334643846212,6.495716825512344,4.368267015066216,0.8749418202367428,0.8040405312462268,0.7092621815834932,0.7960815110221543,13.877610907636793,7.029032146382983,15.363742245400523
TriContextNet,317438,0.413568384,b1_c12_h256_w256_2p5d_center_slice,37,FP32 parameters; FP32 forward and backward; no autocast or GradScaler,16,16,725928D75D3B852D5096564E3B1DE63EB8E52912C8284B8D680490022CEEFF2A,0.8972394977230269,0.8116878666054717,0.8232392056721225,0.8440555233335404,NA,NA,NA,0.8879476493633927,0.8355034077040552,0.7580310384453216,0.8271606985042564,11.720427861239822,6.795758804452322,16.381190114876613
TinyU-Net,481308,1.866399744,b1_c4_h256_w256_2d_slice,23,FP32 parameters; FP32 forward and backward; no autocast or GradScaler,16,16,6152856DEF5F8A793F1B11A56B9E3E6EF37138F09FCA253E7C8D72FC0CADD380,0.8974249216487209,0.8065617761971661,0.8082248649168162,0.8374038542542345,9.683124315667074,15.339374107490434,3.8130557922988544,0.8852775153586955,0.8204412444619014,0.7447037702946704,0.8168075100384224,13.603747678752226,7.304947257980038,16.92111453911508
Rolling-Unet-S,1783356,2.10878464,b1_c4_h256_w256_2d_slice,50,FP32 parameters; FP32 forward and backward; no autocast or GradScaler,16,16,FF7B6B46A09EFB4489736D141F0868FC2D8E87EC0CB4DD315F99294721D8CC5E,0.889154374035849,0.8105678971208229,0.8162646416587259,0.8386623042717992,9.107377949534584,15.197011848386097,4.013015931148324,0.879421433183744,0.8195819490228602,0.7518592725709023,0.8169542182591689,7.723687739130936,5.114166199705378,14.169171886273615
base CMUNeXt,3149380,7.32909568,b1_c4_h256_w256_2d_slice,56,FP32 parameters; FP32 forward and backward; no autocast or GradScaler,16,16,936CA8FF790F3F2118B18D14F302757C761114BE8F76A1BCE6D4D9A6AE4DC04C,0.894137899127581,0.8288053446740645,0.8174282170216952,0.8467904869411136,8.475462459711167,14.2120106604694,2.803849098912083,0.8816396301527721,0.8137148046385174,0.7407028204372653,0.8120190850761849,8.590503029153957,5.5409782333249895,24.816335670283227
